class,F1
0,0.6321023525312841
1,0.43684673734442175
2,0.8417547988915167
3,0.6132223376376715
4,0.7541113756237943
5,0.38804447112091234
mean,0.6110136788582669
