class,IoU
0,0.46209769693001856
1,0.27946507088004946
2,0.7267500854619785
3,0.4421922520680555
4,0.6052799270090169
5,0.240729017748243
mean,0.45941900834956023
