,training_losses,validation_losses,training_miou,validation_miou
0,0.6651782665826097,0.6742450120066529,0.24508226080286719,0.04040634238124521
1,0.5578218856189824,0.4688771178862497,0.30797465328350254,0.32541350353117315
2,0.5260016310064098,0.44723725747039067,0.3366044092078486,0.37954734499460757
3,0.5030833563095407,0.44215907564268575,0.35430055125494225,0.390380154226853
