,training_losses,validation_losses,training_miou,validation_miou
0,0.6651782665826097,0.6742450120066529,0.24508226080286719,0.04040634238124521
