,training_losses,validation_losses,training_miou,validation_miou
0,0.664761523231864,0.8606593595511878,0.2365051335437743,0.03809104802755413
1,0.5665423575043679,0.51921235847829,0.3002858520569161,0.3638102274541435
2,0.5396672676503659,0.4806940613953925,0.32880014093186494,0.39068218637443564
3,0.502858755029738,0.4653521638864012,0.3482331947563804,0.4134052342489751
4,0.49210165344178675,0.5322436143213244,0.35956751094839584,0.3400658904197286
5,0.48450156167149544,0.4642611804293163,0.3706560129450331,0.4111875916032333
6,0.4680711806938052,0.43759751486689297,0.38265131855965295,0.43228258791969837
