,training_losses,validation_losses,training_mF1,validation_mF1
0,0.2748688405752182,0.3009214566813575,0.08493791109620129,0.0297929185645927
