class,F1
0,0.3011755645372875
1,0.11448514458128693
2,0.4508344383497814
3,0.19393660079291597
4,0.7406239145016051
5,0.0954289054586988
mean,0.3160807613702626
