class,IoU
0,0.17728469066625807
1,0.06071824056557932
2,0.29101759651146564
3,0.1073808377258849
4,0.5880879611974728
5,0.05010519467202246
mean,0.21243242022311382
