class,IoU
0,0.25061991620705826
1,0.11510590424158088
2,0.6732181347684606
3,0.2328404560676866
4,0.46100673646015283
5,0.07884604568914327
mean,0.30193953223901376
