class,F1
0,0.4007930994208867
1,0.20644838091834528
2,0.8046985874458268
3,0.37773007029695166
4,0.6310809183222766
5,0.14616737208093142
mean,0.42781973808086976
